Brand,Category,Product,SKU,Price,Price Display,Lead Time,Caption,Description,Specs (pipe separated)
Avon,Mini Football Helmet,Avon Mini Football Helmet,RB-AVO-MFH-1,$35.00 ,$35.00 ,"Due to the nature of custom printed products, lead times wil vary based on current production schedule.",Mini Football Helmet,"A tiny helmet with real impact. You get custom colors, clean detail, and a piece you want to pick up and keep.",6'' Team Branded Helmet | Custom Color | Lightweight PLA | Durable Finish |Display Only
Ben Davis,Mini Football Helmet,Ben Davis Mini Football Helmet,RB-BD-MFH-1,$35.00 ,$35.00 ,"Due to the nature of custom printed products, lead times wil vary based on current production schedule.",Mini Football Helmet,"A tiny helmet with real impact. You get custom colors, clean detail, and a piece you want to pick up and keep.",6'' Team Branded Helmet | Custom Color | Lightweight PLA | Durable Finish |Display Only
Brownsburg,Mini Football Helmet,Brownsburg Mini Football Helmet,RB-BRO-MFH-1,$35.00 ,$35.00 ,"Due to the nature of custom printed products, lead times wil vary based on current production schedule.",Mini Football Helmet,"A tiny helmet with real impact. You get custom colors, clean detail, and a piece you want to pick up and keep.",6'' Team Branded Helmet | Custom Color | Lightweight PLA | Durable Finish |Display Only
Carmel,Mini Football Helmet,Carmel Mini Football Helmet,RB-CAR-MFH-1,$35.00 ,$35.00 ,"Due to the nature of custom printed products, lead times wil vary based on current production schedule.",Mini Football Helmet,"A tiny helmet with real impact. You get custom colors, clean detail, and a piece you want to pick up and keep.",6'' Team Branded Helmet | Custom Color | Lightweight PLA | Durable Finish |Display Only
Cascade,Mini Football Helmet,Cascade Mini Football Helmet,RB-CAS-MFH-1,$35.00 ,$35.00 ,"Due to the nature of custom printed products, lead times wil vary based on current production schedule.",Mini Football Helmet,"A tiny helmet with real impact. You get custom colors, clean detail, and a piece you want to pick up and keep.",6'' Team Branded Helmet | Custom Color | Lightweight PLA | Durable Finish |Display Only
Center Grove,Mini Football Helmet,Center Grove Mini Football Helmet,RB-CG-MFH-1,$35.00 ,$35.00 ,"Due to the nature of custom printed products, lead times wil vary based on current production schedule.",Mini Football Helmet,"A tiny helmet with real impact. You get custom colors, clean detail, and a piece you want to pick up and keep.",6'' Team Branded Helmet | Custom Color | Lightweight PLA | Durable Finish |Display Only
Danville,Mini Football Helmet,Danville Mini Football Helmet,RB-DAN-MFH-1,$35.00 ,$35.00 ,"Due to the nature of custom printed products, lead times wil vary based on current production schedule.",Mini Football Helmet,"A tiny helmet with real impact. You get custom colors, clean detail, and a piece you want to pick up and keep.",6'' Team Branded Helmet | Custom Color | Lightweight PLA | Durable Finish |Display Only
Decatur Central,Mini Football Helmet,Decatur Central Mini Football Helmet,RB-DC-MFH-1,$35.00 ,$35.00 ,"Due to the nature of custom printed products, lead times wil vary based on current production schedule.",Mini Football Helmet,"A tiny helmet with real impact. You get custom colors, clean detail, and a piece you want to pick up and keep.",6'' Team Branded Helmet | Custom Color | Lightweight PLA | Durable Finish |Display Only
Fishers,Mini Football Helmet,Fishers Mini Football Helmet,RB-FIS-MFH-1,$35.00 ,$35.00 ,"Due to the nature of custom printed products, lead times wil vary based on current production schedule.",Mini Football Helmet,"A tiny helmet with real impact. You get custom colors, clean detail, and a piece you want to pick up and keep.",6'' Team Branded Helmet | Custom Color | Lightweight PLA | Durable Finish |Display Only
Franklin Central,Mini Football Helmet,Franklin Central Mini Football Helmet,RB-FC-MFH-1,$35.00 ,$35.00 ,"Due to the nature of custom printed products, lead times wil vary based on current production schedule.",Mini Football Helmet,"A tiny helmet with real impact. You get custom colors, clean detail, and a piece you want to pick up and keep.",6'' Team Branded Helmet | Custom Color | Lightweight PLA | Durable Finish |Display Only
Greenwood,Mini Football Helmet,Greenwood Mini Football Helmet,RB-GRE-MFH-1,$35.00 ,$35.00 ,"Due to the nature of custom printed products, lead times wil vary based on current production schedule.",Mini Football Helmet,"A tiny helmet with real impact. You get custom colors, clean detail, and a piece you want to pick up and keep.",6'' Team Branded Helmet | Custom Color | Lightweight PLA | Durable Finish |Display Only
Hamilton Heights,Mini Football Helmet,Hamilton Heights Mini Football Helmet,RB-HH-MFH-1,$35.00 ,$35.00 ,"Due to the nature of custom printed products, lead times wil vary based on current production schedule.",Mini Football Helmet,"A tiny helmet with real impact. You get custom colors, clean detail, and a piece you want to pick up and keep.",6'' Team Branded Helmet | Custom Color | Lightweight PLA | Durable Finish |Display Only
Hamilton Southeastern,Mini Football Helmet,Hamilton Southeastern Mini Football Helmet,RB-HSE-MFH-1,$35.00 ,$35.00 ,"Due to the nature of custom printed products, lead times wil vary based on current production schedule.",Mini Football Helmet,"A tiny helmet with real impact. You get custom colors, clean detail, and a piece you want to pick up and keep.",6'' Team Branded Helmet | Custom Color | Lightweight PLA | Durable Finish |Display Only
Lawrence Central,Mini Football Helmet,Lawrence Central Mini Football Helmet,RB-LC-MFH-1,$35.00 ,$35.00 ,"Due to the nature of custom printed products, lead times wil vary based on current production schedule.",Mini Football Helmet,"A tiny helmet with real impact. You get custom colors, clean detail, and a piece you want to pick up and keep.",6'' Team Branded Helmet | Custom Color | Lightweight PLA | Durable Finish |Display Only
Lawrence North,Mini Football Helmet,Lawrence North Mini Football Helmet,RB-LN-MFH-1,$35.00 ,$35.00 ,"Due to the nature of custom printed products, lead times wil vary based on current production schedule.",Mini Football Helmet,"A tiny helmet with real impact. You get custom colors, clean detail, and a piece you want to pick up and keep.",6'' Team Branded Helmet | Custom Color | Lightweight PLA | Durable Finish |Display Only
Martinsville,Mini Football Helmet,Martinsville Mini Football Helmet,RB-MAR-MFH-1,$35.00 ,$35.00 ,"Due to the nature of custom printed products, lead times wil vary based on current production schedule.",Mini Football Helmet,"A tiny helmet with real impact. You get custom colors, clean detail, and a piece you want to pick up and keep.",6'' Team Branded Helmet | Custom Color | Lightweight PLA | Durable Finish |Display Only
Monrovia,Mini Football Helmet,Monrovia Mini Football Helmet,RB-MON-MFH-1,$35.00 ,$35.00 ,"Due to the nature of custom printed products, lead times wil vary based on current production schedule.",Mini Football Helmet,"A tiny helmet with real impact. You get custom colors, clean detail, and a piece you want to pick up and keep.",6'' Team Branded Helmet | Custom Color | Lightweight PLA | Durable Finish |Display Only
Noblesville,Mini Football Helmet,Noblesville Mini Football Helmet,RB-NOB-MFH-1,$35.00 ,$35.00 ,"Due to the nature of custom printed products, lead times wil vary based on current production schedule.",Mini Football Helmet,"A tiny helmet with real impact. You get custom colors, clean detail, and a piece you want to pick up and keep.",6'' Team Branded Helmet | Custom Color | Lightweight PLA | Durable Finish |Display Only
North Central,Mini Football Helmet,North Central Mini Football Helmet,RB-NC-MFH-1,$35.00 ,$35.00 ,"Due to the nature of custom printed products, lead times wil vary based on current production schedule.",Mini Football Helmet,"A tiny helmet with real impact. You get custom colors, clean detail, and a piece you want to pick up and keep.",6'' Team Branded Helmet | Custom Color | Lightweight PLA | Durable Finish |Display Only
Plainfield,Mini Football Helmet,Plainfield Mini Football Helmet,RB-PLA-MFH-1,$35.00 ,$35.00 ,"Due to the nature of custom printed products, lead times wil vary based on current production schedule.",Mini Football Helmet,"A tiny helmet with real impact. You get custom colors, clean detail, and a piece you want to pick up and keep.",6'' Team Branded Helmet | Custom Color | Lightweight PLA | Durable Finish |Display Only
Speedway,Mini Football Helmet,Speedway Mini Football Helmet,RB-SPE-MFH-1,$35.00 ,$35.00 ,"Due to the nature of custom printed products, lead times wil vary based on current production schedule.",Mini Football Helmet,"A tiny helmet with real impact. You get custom colors, clean detail, and a piece you want to pick up and keep.",6'' Team Branded Helmet | Custom Color | Lightweight PLA | Durable Finish |Display Only
Roncalli,Mini Football Helmet,Roncalli Mini Football Helmet,RB-RON-MFH-1,$35.00 ,$35.00 ,"Due to the nature of custom printed products, lead times wil vary based on current production schedule.",Mini Football Helmet,"A tiny helmet with real impact. You get custom colors, clean detail, and a piece you want to pick up and keep.",6'' Team Branded Helmet | Custom Color | Lightweight PLA | Durable Finish |Display Only
Sheridan,Mini Football Helmet,Sheridan Mini Football Helmet,RB-SHE-MFH-1,$35.00 ,$35.00 ,"Due to the nature of custom printed products, lead times wil vary based on current production schedule.",Mini Football Helmet,"A tiny helmet with real impact. You get custom colors, clean detail, and a piece you want to pick up and keep.",6'' Team Branded Helmet | Custom Color | Lightweight PLA | Durable Finish |Display Only
Southport,Mini Football Helmet,Southport Mini Football Helmet,RB-SOU-MFH-1,$35.00 ,$35.00 ,"Due to the nature of custom printed products, lead times wil vary based on current production schedule.",Mini Football Helmet,"A tiny helmet with real impact. You get custom colors, clean detail, and a piece you want to pick up and keep.",6'' Team Branded Helmet | Custom Color | Lightweight PLA | Durable Finish |Display Only
Tri-West,Mini Football Helmet,Tri-West Mini Football Helmet,RB-TW-MFH-1,$35.00 ,$35.00 ,"Due to the nature of custom printed products, lead times wil vary based on current production schedule.",Mini Football Helmet,"A tiny helmet with real impact. You get custom colors, clean detail, and a piece you want to pick up and keep.",6'' Team Branded Helmet | Custom Color | Lightweight PLA | Durable Finish |Display Only
Warren Central,Mini Football Helmet,Warren Central Mini Football Helmet,RB-WC-MFH-1,$35.00 ,$35.00 ,"Due to the nature of custom printed products, lead times wil vary based on current production schedule.",Mini Football Helmet,"A tiny helmet with real impact. You get custom colors, clean detail, and a piece you want to pick up and keep.",6'' Team Branded Helmet | Custom Color | Lightweight PLA | Durable Finish |Display Only
Westfield,Mini Football Helmet,Westfield Mini Football Helmet,RB-WES-MFH-1,$35.00 ,$35.00 ,"Due to the nature of custom printed products, lead times wil vary based on current production schedule.",Mini Football Helmet,"A tiny helmet with real impact. You get custom colors, clean detail, and a piece you want to pick up and keep.",6'' Team Branded Helmet | Custom Color | Lightweight PLA | Durable Finish |Display Only
Whiteland,Mini Football Helmet,Whiteland Mini Football Helmet,RB-WHI-MFH-1,$35.00 ,$35.00 ,"Due to the nature of custom printed products, lead times wil vary based on current production schedule.",Mini Football Helmet,"A tiny helmet with real impact. You get custom colors, clean detail, and a piece you want to pick up and keep.",6'' Team Branded Helmet | Custom Color | Lightweight PLA | Durable Finish |Display Only
Zionsville,Mini Football Helmet,Zionsville Mini Football Helmet,RB-ZIO-MFH-1,$35.00 ,$35.00 ,"Due to the nature of custom printed products, lead times wil vary based on current production schedule.",Mini Football Helmet,"A tiny helmet with real impact. You get custom colors, clean detail, and a piece you want to pick up and keep.",6'' Team Branded Helmet | Custom Color | Lightweight PLA | Durable Finish |Display Only
Avon,Hype Chain w/ Pendant,Avon Hype Chain w/ Pendant,RB-AVO-HC-1,$20.00 ,$20.00 ,"Due to the nature of custom printed products, lead times wil vary based on current production schedule.",Hype Chain w/ Pendant,The OG hype chain. You get custom colors within a linked chain & pendant combo for your little extra spirit flair.,6'' Team Branded Pendant w/ Links |Custom Color | Lightweight PLA / Durable Finish
Ben Davis,Hype Chain w/ Pendant,Ben Davis Hype Chain w/ Pendant,RB-BD-HC-1,$20.00 ,$20.00 ,"Due to the nature of custom printed products, lead times wil vary based on current production schedule.",Hype Chain w/ Pendant,The OG hype chain. You get custom colors within a linked chain & pendant combo for your little extra spirit flair.,6'' Team Branded Pendant w/ Links |Custom Color | Lightweight PLA / Durable Finish
Brownsburg,Hype Chain w/ Pendant,Brownsburg Hype Chain w/ Pendant,RB-BRO-HC-1,$20.00 ,$20.00 ,"Due to the nature of custom printed products, lead times wil vary based on current production schedule.",Hype Chain w/ Pendant,The OG hype chain. You get custom colors within a linked chain & pendant combo for your little extra spirit flair.,6'' Team Branded Pendant w/ Links |Custom Color | Lightweight PLA / Durable Finish
Carmel,Hype Chain w/ Pendant,Carmel Hype Chain w/ Pendant,RB-CAR-HC-1,$20.00 ,$20.00 ,"Due to the nature of custom printed products, lead times wil vary based on current production schedule.",Hype Chain w/ Pendant,The OG hype chain. You get custom colors within a linked chain & pendant combo for your little extra spirit flair.,6'' Team Branded Pendant w/ Links |Custom Color | Lightweight PLA / Durable Finish
Cascade,Hype Chain w/ Pendant,Cascade Hype Chain w/ Pendant,RB-CAS-HC-1,$20.00 ,$20.00 ,"Due to the nature of custom printed products, lead times wil vary based on current production schedule.",Hype Chain w/ Pendant,The OG hype chain. You get custom colors within a linked chain & pendant combo for your little extra spirit flair.,6'' Team Branded Pendant w/ Links |Custom Color | Lightweight PLA / Durable Finish
Center Grove,Hype Chain w/ Pendant,Center Grove Hype Chain w/ Pendant,RB-CG-HC-1,$20.00 ,$20.00 ,"Due to the nature of custom printed products, lead times wil vary based on current production schedule.",Hype Chain w/ Pendant,The OG hype chain. You get custom colors within a linked chain & pendant combo for your little extra spirit flair.,6'' Team Branded Pendant w/ Links |Custom Color | Lightweight PLA / Durable Finish
Danville,Hype Chain w/ Pendant,Danville Hype Chain w/ Pendant,RB-DAN-HC-1,$20.00 ,$20.00 ,"Due to the nature of custom printed products, lead times wil vary based on current production schedule.",Hype Chain w/ Pendant,The OG hype chain. You get custom colors within a linked chain & pendant combo for your little extra spirit flair.,6'' Team Branded Pendant w/ Links |Custom Color | Lightweight PLA / Durable Finish
Decatur Central,Hype Chain w/ Pendant,Decatur Central Hype Chain w/ Pendant,RB-DC-HC-1,$20.00 ,$20.00 ,"Due to the nature of custom printed products, lead times wil vary based on current production schedule.",Hype Chain w/ Pendant,The OG hype chain. You get custom colors within a linked chain & pendant combo for your little extra spirit flair.,6'' Team Branded Pendant w/ Links |Custom Color | Lightweight PLA / Durable Finish
Fishers,Hype Chain w/ Pendant,Fishers Hype Chain w/ Pendant,RB-FIS-HC-1,$20.00 ,$20.00 ,"Due to the nature of custom printed products, lead times wil vary based on current production schedule.",Hype Chain w/ Pendant,The OG hype chain. You get custom colors within a linked chain & pendant combo for your little extra spirit flair.,6'' Team Branded Pendant w/ Links |Custom Color | Lightweight PLA / Durable Finish
Franklin Central,Hype Chain w/ Pendant,Franklin Central Hype Chain w/ Pendant,RB-FC-HC-1,$20.00 ,$20.00 ,"Due to the nature of custom printed products, lead times wil vary based on current production schedule.",Hype Chain w/ Pendant,The OG hype chain. You get custom colors within a linked chain & pendant combo for your little extra spirit flair.,6'' Team Branded Pendant w/ Links |Custom Color | Lightweight PLA / Durable Finish
Greenwood,Hype Chain w/ Pendant,Greenwood Hype Chain w/ Pendant,RB-GRE-HC-1,$20.00 ,$20.00 ,"Due to the nature of custom printed products, lead times wil vary based on current production schedule.",Hype Chain w/ Pendant,The OG hype chain. You get custom colors within a linked chain & pendant combo for your little extra spirit flair.,6'' Team Branded Pendant w/ Links |Custom Color | Lightweight PLA / Durable Finish
Hamilton Heights,Hype Chain w/ Pendant,Hamilton Heights Hype Chain w/ Pendant,RB-HH-HC-1,$20.00 ,$20.00 ,"Due to the nature of custom printed products, lead times wil vary based on current production schedule.",Hype Chain w/ Pendant,The OG hype chain. You get custom colors within a linked chain & pendant combo for your little extra spirit flair.,6'' Team Branded Pendant w/ Links |Custom Color | Lightweight PLA / Durable Finish
Hamilton Southeastern,Hype Chain w/ Pendant,Hamilton Southeastern Hype Chain w/ Pendant,RB-HSE-HC-1,$20.00 ,$20.00 ,"Due to the nature of custom printed products, lead times wil vary based on current production schedule.",Hype Chain w/ Pendant,The OG hype chain. You get custom colors within a linked chain & pendant combo for your little extra spirit flair.,6'' Team Branded Pendant w/ Links |Custom Color | Lightweight PLA / Durable Finish
Lawrence Central,Hype Chain w/ Pendant,Lawrence Central Hype Chain w/ Pendant,RB-LC-HC-1,$20.00 ,$20.00 ,"Due to the nature of custom printed products, lead times wil vary based on current production schedule.",Hype Chain w/ Pendant,The OG hype chain. You get custom colors within a linked chain & pendant combo for your little extra spirit flair.,6'' Team Branded Pendant w/ Links |Custom Color | Lightweight PLA / Durable Finish
Lawrence North,Hype Chain w/ Pendant,Lawrence North Hype Chain w/ Pendant,RB-LN-HC-1,$20.00 ,$20.00 ,"Due to the nature of custom printed products, lead times wil vary based on current production schedule.",Hype Chain w/ Pendant,The OG hype chain. You get custom colors within a linked chain & pendant combo for your little extra spirit flair.,6'' Team Branded Pendant w/ Links |Custom Color | Lightweight PLA / Durable Finish
Martinsville,Hype Chain w/ Pendant,Martinsville Hype Chain w/ Pendant,RB-MAR-HC-1,$20.00 ,$20.00 ,"Due to the nature of custom printed products, lead times wil vary based on current production schedule.",Hype Chain w/ Pendant,The OG hype chain. You get custom colors within a linked chain & pendant combo for your little extra spirit flair.,6'' Team Branded Pendant w/ Links |Custom Color | Lightweight PLA / Durable Finish
Monrovia,Hype Chain w/ Pendant,Monrovia Hype Chain w/ Pendant,RB-MON-HC-1,$20.00 ,$20.00 ,"Due to the nature of custom printed products, lead times wil vary based on current production schedule.",Hype Chain w/ Pendant,The OG hype chain. You get custom colors within a linked chain & pendant combo for your little extra spirit flair.,6'' Team Branded Pendant w/ Links |Custom Color | Lightweight PLA / Durable Finish
Noblesville,Hype Chain w/ Pendant,Noblesville Hype Chain w/ Pendant,RB-NOB-HC-1,$20.00 ,$20.00 ,"Due to the nature of custom printed products, lead times wil vary based on current production schedule.",Hype Chain w/ Pendant,The OG hype chain. You get custom colors within a linked chain & pendant combo for your little extra spirit flair.,6'' Team Branded Pendant w/ Links |Custom Color | Lightweight PLA / Durable Finish
North Central,Hype Chain w/ Pendant,North Central Hype Chain w/ Pendant,RB-NC-HC-1,$20.00 ,$20.00 ,"Due to the nature of custom printed products, lead times wil vary based on current production schedule.",Hype Chain w/ Pendant,The OG hype chain. You get custom colors within a linked chain & pendant combo for your little extra spirit flair.,6'' Team Branded Pendant w/ Links |Custom Color | Lightweight PLA / Durable Finish
Plainfield,Hype Chain w/ Pendant,Plainfield Hype Chain w/ Pendant (Shield),RB-PLA-HC-1,$20.00 ,$20.00 ,"Due to the nature of custom printed products, lead times wil vary based on current production schedule.",Hype Chain w/ Pendant,The OG hype chain. You get custom colors within a linked chain & pendant combo for your little extra spirit flair.,6'' Team Branded Pendant w/ Links |Custom Color | Lightweight PLA / Durable Finish
Plainfield,Hype Chain w/ Pendant,Plainfield Hype Chain w/ Pendant (Red Script),RB-PLA-HC-2,$20.00 ,$20.00 ,"Due to the nature of custom printed products, lead times wil vary based on current production schedule.",Hype Chain w/ Pendant,The OG hype chain. You get custom colors within a linked chain & pendant combo for your little extra spirit flair.,6'' Team Branded Pendant w/ Links |Custom Color | Lightweight PLA / Durable Finish
Plainfield,Hype Chain w/ Pendant,Plainfield Hype Chain w/ Pendant (Blue Script),RB-PLA-HC-3,$20.00 ,$20.00 ,"Due to the nature of custom printed products, lead times wil vary based on current production schedule.",Hype Chain w/ Pendant,The OG hype chain. You get custom colors within a linked chain & pendant combo for your little extra spirit flair.,6'' Team Branded Pendant w/ Links |Custom Color | Lightweight PLA / Durable Finish
Plainfield,Hype Chain w/ Pendant,Plainfield Hype Chain w/ Pendant (Red P),RB-PLA-HC-4,$20.00 ,$20.00 ,"Due to the nature of custom printed products, lead times wil vary based on current production schedule.",Hype Chain w/ Pendant,The OG hype chain. You get custom colors within a linked chain & pendant combo for your little extra spirit flair.,6'' Team Branded Pendant w/ Links |Custom Color | Lightweight PLA / Durable Finish
Plainfield,Hype Chain w/ Pendant,Plainfield Hype Chain w/ Pendant (Blue P),RB-PLA-HC-5,$20.00 ,$20.00 ,"Due to the nature of custom printed products, lead times wil vary based on current production schedule.",Hype Chain w/ Pendant,The OG hype chain. You get custom colors within a linked chain & pendant combo for your little extra spirit flair.,6'' Team Branded Pendant w/ Links |Custom Color | Lightweight PLA / Durable Finish
Speedway,Hype Chain w/ Pendant,Speedway Hype Chain w/ Pendant,RB-SPE-HC-1,$20.00 ,$20.00 ,"Due to the nature of custom printed products, lead times wil vary based on current production schedule.",Hype Chain w/ Pendant,The OG hype chain. You get custom colors within a linked chain & pendant combo for your little extra spirit flair.,6'' Team Branded Pendant w/ Links |Custom Color | Lightweight PLA / Durable Finish
Roncalli,Hype Chain w/ Pendant,Roncalli Hype Chain w/ Pendant,RB-RON-HC-1,$20.00 ,$20.00 ,"Due to the nature of custom printed products, lead times wil vary based on current production schedule.",Hype Chain w/ Pendant,The OG hype chain. You get custom colors within a linked chain & pendant combo for your little extra spirit flair.,6'' Team Branded Pendant w/ Links |Custom Color | Lightweight PLA / Durable Finish
Sheridan,Hype Chain w/ Pendant,Sheridan Hype Chain w/ Pendant,RB-SHE-HC-1,$20.00 ,$20.00 ,"Due to the nature of custom printed products, lead times wil vary based on current production schedule.",Hype Chain w/ Pendant,The OG hype chain. You get custom colors within a linked chain & pendant combo for your little extra spirit flair.,6'' Team Branded Pendant w/ Links |Custom Color | Lightweight PLA / Durable Finish
Southport,Hype Chain w/ Pendant,Southport Hype Chain w/ Pendant,RB-SOU-HC-1,$20.00 ,$20.00 ,"Due to the nature of custom printed products, lead times wil vary based on current production schedule.",Hype Chain w/ Pendant,The OG hype chain. You get custom colors within a linked chain & pendant combo for your little extra spirit flair.,6'' Team Branded Pendant w/ Links |Custom Color | Lightweight PLA / Durable Finish
Tri-West,Hype Chain w/ Pendant,Tri-West Hype Chain w/ Pendant,RB-TW-HC-1,$20.00 ,$20.00 ,"Due to the nature of custom printed products, lead times wil vary based on current production schedule.",Hype Chain w/ Pendant,The OG hype chain. You get custom colors within a linked chain & pendant combo for your little extra spirit flair.,6'' Team Branded Pendant w/ Links |Custom Color | Lightweight PLA / Durable Finish
Warren Central,Hype Chain w/ Pendant,Warren Central Hype Chain w/ Pendant,RB-WC-HC-1,$20.00 ,$20.00 ,"Due to the nature of custom printed products, lead times wil vary based on current production schedule.",Hype Chain w/ Pendant,The OG hype chain. You get custom colors within a linked chain & pendant combo for your little extra spirit flair.,6'' Team Branded Pendant w/ Links |Custom Color | Lightweight PLA / Durable Finish
Westfield,Hype Chain w/ Pendant,Westfield Hype Chain w/ Pendant,RB-WES-HC-1,$20.00 ,$20.00 ,"Due to the nature of custom printed products, lead times wil vary based on current production schedule.",Hype Chain w/ Pendant,The OG hype chain. You get custom colors within a linked chain & pendant combo for your little extra spirit flair.,6'' Team Branded Pendant w/ Links |Custom Color | Lightweight PLA / Durable Finish
Whiteland,Hype Chain w/ Pendant,Whiteland Hype Chain w/ Pendant,RB-WHI-HC-1,$20.00 ,$20.00 ,"Due to the nature of custom printed products, lead times wil vary based on current production schedule.",Hype Chain w/ Pendant,The OG hype chain. You get custom colors within a linked chain & pendant combo for your little extra spirit flair.,6'' Team Branded Pendant w/ Links |Custom Color | Lightweight PLA / Durable Finish
Zionsville,Hype Chain w/ Pendant,Zionsville Hype Chain w/ Pendant,RB-ZIO-HC-1,$20.00 ,$20.00 ,"Due to the nature of custom printed products, lead times wil vary based on current production schedule.",Hype Chain w/ Pendant,The OG hype chain. You get custom colors within a linked chain & pendant combo for your little extra spirit flair.,6'' Team Branded Pendant w/ Links |Custom Color | Lightweight PLA / Durable Finish
Avon,Key Chain w/ Pendant,Avon Key Chain w/ Pendant,RB-AVO-KC-1,$5.00 ,$5.00 ,"Due to the nature of custom printed products, lead times wil vary based on current production schedule.",Key Chain w/ Pendant,"Small in size, Big brand flair.  You get custom colors within a pendeant and metal key chain link.  Perfect bags or keys.",Team Branded Pendant w/ Metal Key Chain | Custom Color / Lightweight PLA
Ben Davis,Key Chain w/ Pendant,Ben Davis Key Chain w/ Pendant,RB-BD-KC-1,$5.00 ,$5.00 ,"Due to the nature of custom printed products, lead times wil vary based on current production schedule.",Key Chain w/ Pendant,"Small in size, Big brand flair.  You get custom colors within a pendeant and metal key chain link.  Perfect bags or keys.",Team Branded Pendant w/ Metal Key Chain | Custom Color / Lightweight PLA
Brownsburg,Key Chain w/ Pendant,Brownsburg Key Chain w/ Pendant,RB-BRO-KC-1,$5.00 ,$5.00 ,"Due to the nature of custom printed products, lead times wil vary based on current production schedule.",Key Chain w/ Pendant,"Small in size, Big brand flair.  You get custom colors within a pendeant and metal key chain link.  Perfect bags or keys.",Team Branded Pendant w/ Metal Key Chain | Custom Color / Lightweight PLA
Carmel,Key Chain w/ Pendant,Carmel Key Chain w/ Pendant,RB-CAR-KC-1,$5.00 ,$5.00 ,"Due to the nature of custom printed products, lead times wil vary based on current production schedule.",Key Chain w/ Pendant,"Small in size, Big brand flair.  You get custom colors within a pendeant and metal key chain link.  Perfect bags or keys.",Team Branded Pendant w/ Metal Key Chain | Custom Color / Lightweight PLA
Cascade,Key Chain w/ Pendant,Cascade Key Chain w/ Pendant,RB-CAS-KC-1,$5.00 ,$5.00 ,"Due to the nature of custom printed products, lead times wil vary based on current production schedule.",Key Chain w/ Pendant,"Small in size, Big brand flair.  You get custom colors within a pendeant and metal key chain link.  Perfect bags or keys.",Team Branded Pendant w/ Metal Key Chain | Custom Color / Lightweight PLA
Center Grove,Key Chain w/ Pendant,Center Grove Key Chain w/ Pendant,RB-CG-KC-1,$5.00 ,$5.00 ,"Due to the nature of custom printed products, lead times wil vary based on current production schedule.",Key Chain w/ Pendant,"Small in size, Big brand flair.  You get custom colors within a pendeant and metal key chain link.  Perfect bags or keys.",Team Branded Pendant w/ Metal Key Chain | Custom Color / Lightweight PLA
Danville,Key Chain w/ Pendant,Danville Key Chain w/ Pendant,RB-DAN-KC-1,$5.00 ,$5.00 ,"Due to the nature of custom printed products, lead times wil vary based on current production schedule.",Key Chain w/ Pendant,"Small in size, Big brand flair.  You get custom colors within a pendeant and metal key chain link.  Perfect bags or keys.",Team Branded Pendant w/ Metal Key Chain | Custom Color / Lightweight PLA
Decatur Central,Key Chain w/ Pendant,Decatur Central Key Chain w/ Pendant,RB-DC-KC-1,$5.00 ,$5.00 ,"Due to the nature of custom printed products, lead times wil vary based on current production schedule.",Key Chain w/ Pendant,"Small in size, Big brand flair.  You get custom colors within a pendeant and metal key chain link.  Perfect bags or keys.",Team Branded Pendant w/ Metal Key Chain | Custom Color / Lightweight PLA
Fishers,Key Chain w/ Pendant,Fishers Key Chain w/ Pendant,RB-FIS-KC-1,$5.00 ,$5.00 ,"Due to the nature of custom printed products, lead times wil vary based on current production schedule.",Key Chain w/ Pendant,"Small in size, Big brand flair.  You get custom colors within a pendeant and metal key chain link.  Perfect bags or keys.",Team Branded Pendant w/ Metal Key Chain | Custom Color / Lightweight PLA
Franklin Central,Key Chain w/ Pendant,Franklin Central Key Chain w/ Pendant,RB-FC-KC-1,$5.00 ,$5.00 ,"Due to the nature of custom printed products, lead times wil vary based on current production schedule.",Key Chain w/ Pendant,"Small in size, Big brand flair.  You get custom colors within a pendeant and metal key chain link.  Perfect bags or keys.",Team Branded Pendant w/ Metal Key Chain | Custom Color / Lightweight PLA
Greenwood,Key Chain w/ Pendant,Greenwood Key Chain w/ Pendant,RB-GRE-KC-1,$5.00 ,$5.00 ,"Due to the nature of custom printed products, lead times wil vary based on current production schedule.",Key Chain w/ Pendant,"Small in size, Big brand flair.  You get custom colors within a pendeant and metal key chain link.  Perfect bags or keys.",Team Branded Pendant w/ Metal Key Chain | Custom Color / Lightweight PLA
Hamilton Heights,Key Chain w/ Pendant,Hamilton Heights Key Chain w/ Pendant,RB-HH-KC-1,$5.00 ,$5.00 ,"Due to the nature of custom printed products, lead times wil vary based on current production schedule.",Key Chain w/ Pendant,"Small in size, Big brand flair.  You get custom colors within a pendeant and metal key chain link.  Perfect bags or keys.",Team Branded Pendant w/ Metal Key Chain | Custom Color / Lightweight PLA
Hamilton Southeastern,Key Chain w/ Pendant,Hamilton Southeastern Key Chain w/ Pendant,RB-HSE-KC-1,$5.00 ,$5.00 ,"Due to the nature of custom printed products, lead times wil vary based on current production schedule.",Key Chain w/ Pendant,"Small in size, Big brand flair.  You get custom colors within a pendeant and metal key chain link.  Perfect bags or keys.",Team Branded Pendant w/ Metal Key Chain | Custom Color / Lightweight PLA
Lawrence Central,Key Chain w/ Pendant,Lawrence Central Key Chain w/ Pendant,RB-LC-KC-1,$5.00 ,$5.00 ,"Due to the nature of custom printed products, lead times wil vary based on current production schedule.",Key Chain w/ Pendant,"Small in size, Big brand flair.  You get custom colors within a pendeant and metal key chain link.  Perfect bags or keys.",Team Branded Pendant w/ Metal Key Chain | Custom Color / Lightweight PLA
Lawrence North,Key Chain w/ Pendant,Lawrence North Key Chain w/ Pendant,RB-LN-KC-1,$5.00 ,$5.00 ,"Due to the nature of custom printed products, lead times wil vary based on current production schedule.",Key Chain w/ Pendant,"Small in size, Big brand flair.  You get custom colors within a pendeant and metal key chain link.  Perfect bags or keys.",Team Branded Pendant w/ Metal Key Chain | Custom Color / Lightweight PLA
Martinsville,Key Chain w/ Pendant,Martinsville Key Chain w/ Pendant,RB-MAR-KC-1,$5.00 ,$5.00 ,"Due to the nature of custom printed products, lead times wil vary based on current production schedule.",Key Chain w/ Pendant,"Small in size, Big brand flair.  You get custom colors within a pendeant and metal key chain link.  Perfect bags or keys.",Team Branded Pendant w/ Metal Key Chain | Custom Color / Lightweight PLA
Monrovia,Key Chain w/ Pendant,Monrovia Key Chain w/ Pendant,RB-MON-KC-1,$5.00 ,$5.00 ,"Due to the nature of custom printed products, lead times wil vary based on current production schedule.",Key Chain w/ Pendant,"Small in size, Big brand flair.  You get custom colors within a pendeant and metal key chain link.  Perfect bags or keys.",Team Branded Pendant w/ Metal Key Chain | Custom Color / Lightweight PLA
Noblesville,Key Chain w/ Pendant,Noblesville Key Chain w/ Pendant,RB-NOB-KC-1,$5.00 ,$5.00 ,"Due to the nature of custom printed products, lead times wil vary based on current production schedule.",Key Chain w/ Pendant,"Small in size, Big brand flair.  You get custom colors within a pendeant and metal key chain link.  Perfect bags or keys.",Team Branded Pendant w/ Metal Key Chain | Custom Color / Lightweight PLA
North Central,Key Chain w/ Pendant,North Central Key Chain w/ Pendant,RB-NC-KC-1,$5.00 ,$5.00 ,"Due to the nature of custom printed products, lead times wil vary based on current production schedule.",Key Chain w/ Pendant,"Small in size, Big brand flair.  You get custom colors within a pendeant and metal key chain link.  Perfect bags or keys.",Team Branded Pendant w/ Metal Key Chain | Custom Color / Lightweight PLA
Plainfield,Key Chain w/ Pendant,Plainfield Key Chain w/ Pendant (Shield),RB-PLA-KC-1,$5.00 ,$5.00 ,"Due to the nature of custom printed products, lead times wil vary based on current production schedule.",Key Chain w/ Pendant,"Small in size, Big brand flair.  You get custom colors within a pendeant and metal key chain link.  Perfect bags or keys.",Team Branded Pendant w/ Metal Key Chain | Custom Color / Lightweight PLA
Plainfield,Key Chain w/ Pendant,Plainfield Key Chain w/ Pendant (Red Script),RB-PLA-KC-2,$5.00 ,$5.00 ,"Due to the nature of custom printed products, lead times wil vary based on current production schedule.",Key Chain w/ Pendant,"Small in size, Big brand flair.  You get custom colors within a pendeant and metal key chain link.  Perfect bags or keys.",Team Branded Pendant w/ Metal Key Chain | Custom Color / Lightweight PLA
Plainfield,Key Chain w/ Pendant,Plainfield Key Chain w/ Pendant (Blue Script),RB-PLA-KC-3,$5.00 ,$5.00 ,"Due to the nature of custom printed products, lead times wil vary based on current production schedule.",Key Chain w/ Pendant,"Small in size, Big brand flair.  You get custom colors within a pendeant and metal key chain link.  Perfect bags or keys.",Team Branded Pendant w/ Metal Key Chain | Custom Color / Lightweight PLA
Plainfield,Key Chain w/ Pendant,Plainfield Key Chain w/ Pendant (Red P),RB-PLA-KC-4,$5.00 ,$5.00 ,"Due to the nature of custom printed products, lead times wil vary based on current production schedule.",Key Chain w/ Pendant,"Small in size, Big brand flair.  You get custom colors within a pendeant and metal key chain link.  Perfect bags or keys.",Team Branded Pendant w/ Metal Key Chain | Custom Color / Lightweight PLA
Plainfield,Key Chain w/ Pendant,Plainfield Key Chain w/ Pendant (Blue P),RB-PLA-KC-5,$5.00 ,$5.00 ,"Due to the nature of custom printed products, lead times wil vary based on current production schedule.",Key Chain w/ Pendant,"Small in size, Big brand flair.  You get custom colors within a pendeant and metal key chain link.  Perfect bags or keys.",Team Branded Pendant w/ Metal Key Chain | Custom Color / Lightweight PLA
Plainfield,Key Chain w/ Pendant,Plainfield Key Chain w/ Pendant (Ball Man),RB-PLA-KC-6,$5.00 ,$5.00 ,"Due to the nature of custom printed products, lead times wil vary based on current production schedule.",Key Chain w/ Pendant,"Small in size, Big brand flair.  You get custom colors within a pendeant and metal key chain link.  Perfect bags or keys.",Team Branded Pendant w/ Metal Key Chain | Custom Color / Lightweight PLA
Speedway,Key Chain w/ Pendant,Speedway Key Chain w/ Pendant,RB-SPE-KC-1,$5.00 ,$5.00 ,"Due to the nature of custom printed products, lead times wil vary based on current production schedule.",Key Chain w/ Pendant,"Small in size, Big brand flair.  You get custom colors within a pendeant and metal key chain link.  Perfect bags or keys.",Team Branded Pendant w/ Metal Key Chain | Custom Color / Lightweight PLA
Roncalli,Key Chain w/ Pendant,Roncalli Key Chain w/ Pendant,RB-RON-KC-1,$5.00 ,$5.00 ,"Due to the nature of custom printed products, lead times wil vary based on current production schedule.",Key Chain w/ Pendant,"Small in size, Big brand flair.  You get custom colors within a pendeant and metal key chain link.  Perfect bags or keys.",Team Branded Pendant w/ Metal Key Chain | Custom Color / Lightweight PLA
Sheridan,Key Chain w/ Pendant,Sheridan Key Chain w/ Pendant,RB-SHE-KC-1,$5.00 ,$5.00 ,"Due to the nature of custom printed products, lead times wil vary based on current production schedule.",Key Chain w/ Pendant,"Small in size, Big brand flair.  You get custom colors within a pendeant and metal key chain link.  Perfect bags or keys.",Team Branded Pendant w/ Metal Key Chain | Custom Color / Lightweight PLA
Southport,Key Chain w/ Pendant,Southport Key Chain w/ Pendant,RB-SOU-KC-1,$5.00 ,$5.00 ,"Due to the nature of custom printed products, lead times wil vary based on current production schedule.",Key Chain w/ Pendant,"Small in size, Big brand flair.  You get custom colors within a pendeant and metal key chain link.  Perfect bags or keys.",Team Branded Pendant w/ Metal Key Chain | Custom Color / Lightweight PLA
Tri-West,Key Chain w/ Pendant,Tri-West Key Chain w/ Pendant,RB-TW-KC-1,$5.00 ,$5.00 ,"Due to the nature of custom printed products, lead times wil vary based on current production schedule.",Key Chain w/ Pendant,"Small in size, Big brand flair.  You get custom colors within a pendeant and metal key chain link.  Perfect bags or keys.",Team Branded Pendant w/ Metal Key Chain | Custom Color / Lightweight PLA
Warren Central,Key Chain w/ Pendant,Warren Central Key Chain w/ Pendant,RB-WC-KC-1,$5.00 ,$5.00 ,"Due to the nature of custom printed products, lead times wil vary based on current production schedule.",Key Chain w/ Pendant,"Small in size, Big brand flair.  You get custom colors within a pendeant and metal key chain link.  Perfect bags or keys.",Team Branded Pendant w/ Metal Key Chain | Custom Color / Lightweight PLA
Westfield,Key Chain w/ Pendant,Westfield Key Chain w/ Pendant,RB-WES-KC-1,$5.00 ,$5.00 ,"Due to the nature of custom printed products, lead times wil vary based on current production schedule.",Key Chain w/ Pendant,"Small in size, Big brand flair.  You get custom colors within a pendeant and metal key chain link.  Perfect bags or keys.",Team Branded Pendant w/ Metal Key Chain | Custom Color / Lightweight PLA
Whiteland,Key Chain w/ Pendant,Whiteland Key Chain w/ Pendant,RB-WHI-KC-1,$5.00 ,$5.00 ,"Due to the nature of custom printed products, lead times wil vary based on current production schedule.",Key Chain w/ Pendant,"Small in size, Big brand flair.  You get custom colors within a pendeant and metal key chain link.  Perfect bags or keys.",Team Branded Pendant w/ Metal Key Chain | Custom Color / Lightweight PLA
Zionsville,Key Chain w/ Pendant,Zionsville Key Chain w/ Pendant,RB-ZIO-KC-1,$5.00 ,$5.00 ,"Due to the nature of custom printed products, lead times wil vary based on current production schedule.",Key Chain w/ Pendant,"Small in size, Big brand flair.  You get custom colors within a pendeant and metal key chain link.  Perfect bags or keys.",Team Branded Pendant w/ Metal Key Chain | Custom Color / Lightweight PLA